"StichtagDatJahr","TodesursacheSpezSort","TodesursacheSpezLang","AlterVSort_Num","AlterVSort_Nam","AnzSterWir","Geschlecht"
1995,1200,"Alle übrigen Todesursachen",1,"0 – 14",12,"Frauen"
1995,1200,"Alle übrigen Todesursachen",2,"15 – 44",44,"Frauen"
1995,1200,"Alle übrigen Todesursachen",3,"45 – 64",38,"Frauen"
1995,1200,"Alle übrigen Todesursachen",4,"65 – 84",174,"Frauen"
1995,1200,"Alle übrigen Todesursachen",5,"85 und älter",149,"Frauen"
1995,600,"Atmungsorgane",2,"15 – 44",2,"Frauen"
1995,600,"Atmungsorgane",3,"45 – 64",4,"Frauen"
1995,600,"Atmungsorgane",4,"65 – 84",62,"Frauen"
1995,600,"Atmungsorgane",5,"85 und älter",46,"Frauen"
1995,400,"Demenz",4,"65 – 84",36,"Frauen"
1995,400,"Demenz",5,"85 und älter",119,"Frauen"
1995,200,"Krebskrankheiten",1,"0 – 14",1,"Frauen"
1995,200,"Krebskrankheiten",2,"15 – 44",21,"Frauen"
1995,200,"Krebskrankheiten",3,"45 – 64",99,"Frauen"
1995,200,"Krebskrankheiten",4,"65 – 84",299,"Frauen"
1995,200,"Krebskrankheiten",5,"85 und älter",101,"Frauen"
1995,500,"Kreislaufsystem",2,"15 – 44",4,"Frauen"
1995,500,"Kreislaufsystem",3,"45 – 64",31,"Frauen"
1995,500,"Kreislaufsystem",4,"65 – 84",366,"Frauen"
1995,500,"Kreislaufsystem",5,"85 und älter",531,"Frauen"
1995,1100,"Unfälle und Gewalteinwirkungen",2,"15 – 44",18,"Frauen"
1995,1100,"Unfälle und Gewalteinwirkungen",3,"45 – 64",21,"Frauen"
1995,1100,"Unfälle und Gewalteinwirkungen",4,"65 – 84",35,"Frauen"
1995,1100,"Unfälle und Gewalteinwirkungen",5,"85 und älter",42,"Frauen"
1995,1200,"Alle übrigen Todesursachen",1,"0 – 14",18,"Männer"
1995,1200,"Alle übrigen Todesursachen",2,"15 – 44",106,"Männer"
1995,1200,"Alle übrigen Todesursachen",3,"45 – 64",81,"Männer"
1995,1200,"Alle übrigen Todesursachen",4,"65 – 84",164,"Männer"
1995,1200,"Alle übrigen Todesursachen",5,"85 und älter",64,"Männer"
1995,600,"Atmungsorgane",1,"0 – 14",1,"Männer"
1995,600,"Atmungsorgane",2,"15 – 44",1,"Männer"
1995,600,"Atmungsorgane",3,"45 – 64",10,"Männer"
1995,600,"Atmungsorgane",4,"65 – 84",55,"Männer"
1995,600,"Atmungsorgane",5,"85 und älter",31,"Männer"
1995,400,"Demenz",3,"45 – 64",1,"Männer"
1995,400,"Demenz",4,"65 – 84",21,"Männer"
1995,400,"Demenz",5,"85 und älter",36,"Männer"
1995,200,"Krebskrankheiten",1,"0 – 14",1,"Männer"
1995,200,"Krebskrankheiten",2,"15 – 44",12,"Männer"
1995,200,"Krebskrankheiten",3,"45 – 64",105,"Männer"
1995,200,"Krebskrankheiten",4,"65 – 84",283,"Männer"
1995,200,"Krebskrankheiten",5,"85 und älter",82,"Männer"
1995,500,"Kreislaufsystem",2,"15 – 44",6,"Männer"
1995,500,"Kreislaufsystem",3,"45 – 64",71,"Männer"
1995,500,"Kreislaufsystem",4,"65 – 84",415,"Männer"
1995,500,"Kreislaufsystem",5,"85 und älter",208,"Männer"
1995,1100,"Unfälle und Gewalteinwirkungen",1,"0 – 14",3,"Männer"
1995,1100,"Unfälle und Gewalteinwirkungen",2,"15 – 44",55,"Männer"
1995,1100,"Unfälle und Gewalteinwirkungen",3,"45 – 64",27,"Männer"
1995,1100,"Unfälle und Gewalteinwirkungen",4,"65 – 84",37,"Männer"
1995,1100,"Unfälle und Gewalteinwirkungen",5,"85 und älter",19,"Männer"
1996,1200,"Alle übrigen Todesursachen",1,"0 – 14",15,"Frauen"
1996,1200,"Alle übrigen Todesursachen",2,"15 – 44",35,"Frauen"
1996,1200,"Alle übrigen Todesursachen",3,"45 – 64",46,"Frauen"
1996,1200,"Alle übrigen Todesursachen",4,"65 – 84",178,"Frauen"
1996,1200,"Alle übrigen Todesursachen",5,"85 und älter",164,"Frauen"
1996,600,"Atmungsorgane",1,"0 – 14",1,"Frauen"
1996,600,"Atmungsorgane",2,"15 – 44",2,"Frauen"
1996,600,"Atmungsorgane",3,"45 – 64",6,"Frauen"
1996,600,"Atmungsorgane",4,"65 – 84",32,"Frauen"
1996,600,"Atmungsorgane",5,"85 und älter",34,"Frauen"
1996,400,"Demenz",4,"65 – 84",41,"Frauen"
1996,400,"Demenz",5,"85 und älter",102,"Frauen"
1996,200,"Krebskrankheiten",1,"0 – 14",1,"Frauen"
1996,200,"Krebskrankheiten",2,"15 – 44",12,"Frauen"
1996,200,"Krebskrankheiten",3,"45 – 64",86,"Frauen"
1996,200,"Krebskrankheiten",4,"65 – 84",246,"Frauen"
1996,200,"Krebskrankheiten",5,"85 und älter",103,"Frauen"
1996,500,"Kreislaufsystem",1,"0 – 14",1,"Frauen"
1996,500,"Kreislaufsystem",2,"15 – 44",5,"Frauen"
1996,500,"Kreislaufsystem",3,"45 – 64",28,"Frauen"
1996,500,"Kreislaufsystem",4,"65 – 84",404,"Frauen"
1996,500,"Kreislaufsystem",5,"85 und älter",567,"Frauen"
1996,1100,"Unfälle und Gewalteinwirkungen",1,"0 – 14",2,"Frauen"
1996,1100,"Unfälle und Gewalteinwirkungen",2,"15 – 44",15,"Frauen"
1996,1100,"Unfälle und Gewalteinwirkungen",3,"45 – 64",12,"Frauen"
1996,1100,"Unfälle und Gewalteinwirkungen",4,"65 – 84",37,"Frauen"
1996,1100,"Unfälle und Gewalteinwirkungen",5,"85 und älter",36,"Frauen"
1996,1200,"Alle übrigen Todesursachen",1,"0 – 14",8,"Männer"
1996,1200,"Alle übrigen Todesursachen",2,"15 – 44",75,"Männer"
1996,1200,"Alle übrigen Todesursachen",3,"45 – 64",90,"Männer"
1996,1200,"Alle übrigen Todesursachen",4,"65 – 84",144,"Männer"
1996,1200,"Alle übrigen Todesursachen",5,"85 und älter",67,"Männer"
1996,600,"Atmungsorgane",3,"45 – 64",9,"Männer"
1996,600,"Atmungsorgane",4,"65 – 84",55,"Männer"
1996,600,"Atmungsorgane",5,"85 und älter",22,"Männer"
1996,400,"Demenz",4,"65 – 84",25,"Männer"
1996,400,"Demenz",5,"85 und älter",35,"Männer"
1996,200,"Krebskrankheiten",1,"0 – 14",1,"Männer"
1996,200,"Krebskrankheiten",2,"15 – 44",13,"Männer"
1996,200,"Krebskrankheiten",3,"45 – 64",100,"Männer"
1996,200,"Krebskrankheiten",4,"65 – 84",316,"Männer"
1996,200,"Krebskrankheiten",5,"85 und älter",89,"Männer"
1996,500,"Kreislaufsystem",2,"15 – 44",13,"Männer"
1996,500,"Kreislaufsystem",3,"45 – 64",79,"Männer"
1996,500,"Kreislaufsystem",4,"65 – 84",381,"Männer"
1996,500,"Kreislaufsystem",5,"85 und älter",241,"Männer"
1996,1100,"Unfälle und Gewalteinwirkungen",1,"0 – 14",1,"Männer"
1996,1100,"Unfälle und Gewalteinwirkungen",2,"15 – 44",46,"Männer"
1996,1100,"Unfälle und Gewalteinwirkungen",3,"45 – 64",29,"Männer"
1996,1100,"Unfälle und Gewalteinwirkungen",4,"65 – 84",33,"Männer"
1996,1100,"Unfälle und Gewalteinwirkungen",5,"85 und älter",22,"Männer"
1997,1200,"Alle übrigen Todesursachen",1,"0 – 14",6,"Frauen"
1997,1200,"Alle übrigen Todesursachen",2,"15 – 44",18,"Frauen"
1997,1200,"Alle übrigen Todesursachen",3,"45 – 64",38,"Frauen"
1997,1200,"Alle übrigen Todesursachen",4,"65 – 84",148,"Frauen"
1997,1200,"Alle übrigen Todesursachen",5,"85 und älter",154,"Frauen"
1997,600,"Atmungsorgane",3,"45 – 64",6,"Frauen"
1997,600,"Atmungsorgane",4,"65 – 84",59,"Frauen"
1997,600,"Atmungsorgane",5,"85 und älter",75,"Frauen"
1997,400,"Demenz",3,"45 – 64",1,"Frauen"
1997,400,"Demenz",4,"65 – 84",41,"Frauen"
1997,400,"Demenz",5,"85 und älter",102,"Frauen"
1997,200,"Krebskrankheiten",2,"15 – 44",11,"Frauen"
1997,200,"Krebskrankheiten",3,"45 – 64",90,"Frauen"
1997,200,"Krebskrankheiten",4,"65 – 84",238,"Frauen"
1997,200,"Krebskrankheiten",5,"85 und älter",124,"Frauen"
1997,500,"Kreislaufsystem",2,"15 – 44",10,"Frauen"
1997,500,"Kreislaufsystem",3,"45 – 64",26,"Frauen"
1997,500,"Kreislaufsystem",4,"65 – 84",335,"Frauen"
1997,500,"Kreislaufsystem",5,"85 und älter",576,"Frauen"
1997,1100,"Unfälle und Gewalteinwirkungen",1,"0 – 14",1,"Frauen"
1997,1100,"Unfälle und Gewalteinwirkungen",2,"15 – 44",9,"Frauen"
1997,1100,"Unfälle und Gewalteinwirkungen",3,"45 – 64",11,"Frauen"
1997,1100,"Unfälle und Gewalteinwirkungen",4,"65 – 84",35,"Frauen"
1997,1100,"Unfälle und Gewalteinwirkungen",5,"85 und älter",41,"Frauen"
1997,1200,"Alle übrigen Todesursachen",1,"0 – 14",15,"Männer"
1997,1200,"Alle übrigen Todesursachen",2,"15 – 44",62,"Männer"
1997,1200,"Alle übrigen Todesursachen",3,"45 – 64",95,"Männer"
1997,1200,"Alle übrigen Todesursachen",4,"65 – 84",140,"Männer"
1997,1200,"Alle übrigen Todesursachen",5,"85 und älter",70,"Männer"
1997,600,"Atmungsorgane",2,"15 – 44",1,"Männer"
1997,600,"Atmungsorgane",3,"45 – 64",4,"Männer"
1997,600,"Atmungsorgane",4,"65 – 84",61,"Männer"
1997,600,"Atmungsorgane",5,"85 und älter",41,"Männer"
1997,400,"Demenz",4,"65 – 84",31,"Männer"
1997,400,"Demenz",5,"85 und älter",32,"Männer"
1997,200,"Krebskrankheiten",1,"0 – 14",1,"Männer"
1997,200,"Krebskrankheiten",2,"15 – 44",13,"Männer"
1997,200,"Krebskrankheiten",3,"45 – 64",114,"Männer"
1997,200,"Krebskrankheiten",4,"65 – 84",281,"Männer"
1997,200,"Krebskrankheiten",5,"85 und älter",89,"Männer"
1997,500,"Kreislaufsystem",2,"15 – 44",6,"Männer"
1997,500,"Kreislaufsystem",3,"45 – 64",77,"Männer"
1997,500,"Kreislaufsystem",4,"65 – 84",367,"Männer"
1997,500,"Kreislaufsystem",5,"85 und älter",251,"Männer"
1997,1100,"Unfälle und Gewalteinwirkungen",1,"0 – 14",1,"Männer"
1997,1100,"Unfälle und Gewalteinwirkungen",2,"15 – 44",55,"Männer"
1997,1100,"Unfälle und Gewalteinwirkungen",3,"45 – 64",32,"Männer"
1997,1100,"Unfälle und Gewalteinwirkungen",4,"65 – 84",35,"Männer"
1997,1100,"Unfälle und Gewalteinwirkungen",5,"85 und älter",17,"Männer"
1998,1200,"Alle übrigen Todesursachen",1,"0 – 14",3,"Frauen"
1998,1200,"Alle übrigen Todesursachen",2,"15 – 44",27,"Frauen"
1998,1200,"Alle übrigen Todesursachen",3,"45 – 64",48,"Frauen"
1998,1200,"Alle übrigen Todesursachen",4,"65 – 84",135,"Frauen"
1998,1200,"Alle übrigen Todesursachen",5,"85 und älter",136,"Frauen"
1998,600,"Atmungsorgane",2,"15 – 44",1,"Frauen"
1998,600,"Atmungsorgane",3,"45 – 64",5,"Frauen"
1998,600,"Atmungsorgane",4,"65 – 84",59,"Frauen"
1998,600,"Atmungsorgane",5,"85 und älter",81,"Frauen"
1998,400,"Demenz",4,"65 – 84",44,"Frauen"
1998,400,"Demenz",5,"85 und älter",118,"Frauen"
1998,200,"Krebskrankheiten",2,"15 – 44",10,"Frauen"
1998,200,"Krebskrankheiten",3,"45 – 64",80,"Frauen"
1998,200,"Krebskrankheiten",4,"65 – 84",240,"Frauen"
1998,200,"Krebskrankheiten",5,"85 und älter",95,"Frauen"
1998,500,"Kreislaufsystem",2,"15 – 44",8,"Frauen"
1998,500,"Kreislaufsystem",3,"45 – 64",36,"Frauen"
1998,500,"Kreislaufsystem",4,"65 – 84",334,"Frauen"
1998,500,"Kreislaufsystem",5,"85 und älter",583,"Frauen"
1998,1100,"Unfälle und Gewalteinwirkungen",2,"15 – 44",8,"Frauen"
1998,1100,"Unfälle und Gewalteinwirkungen",3,"45 – 64",15,"Frauen"
1998,1100,"Unfälle und Gewalteinwirkungen",4,"65 – 84",38,"Frauen"
1998,1100,"Unfälle und Gewalteinwirkungen",5,"85 und älter",39,"Frauen"
1998,1200,"Alle übrigen Todesursachen",1,"0 – 14",9,"Männer"
1998,1200,"Alle übrigen Todesursachen",2,"15 – 44",58,"Männer"
1998,1200,"Alle übrigen Todesursachen",3,"45 – 64",88,"Männer"
1998,1200,"Alle übrigen Todesursachen",4,"65 – 84",130,"Männer"
1998,1200,"Alle übrigen Todesursachen",5,"85 und älter",61,"Männer"
1998,600,"Atmungsorgane",3,"45 – 64",11,"Männer"
1998,600,"Atmungsorgane",4,"65 – 84",67,"Männer"
1998,600,"Atmungsorgane",5,"85 und älter",42,"Männer"
1998,400,"Demenz",3,"45 – 64",1,"Männer"
1998,400,"Demenz",4,"65 – 84",24,"Männer"
1998,400,"Demenz",5,"85 und älter",38,"Männer"
1998,200,"Krebskrankheiten",1,"0 – 14",2,"Männer"
1998,200,"Krebskrankheiten",2,"15 – 44",13,"Männer"
1998,200,"Krebskrankheiten",3,"45 – 64",99,"Männer"
1998,200,"Krebskrankheiten",4,"65 – 84",307,"Männer"
1998,200,"Krebskrankheiten",5,"85 und älter",81,"Männer"
1998,500,"Kreislaufsystem",2,"15 – 44",10,"Männer"
1998,500,"Kreislaufsystem",3,"45 – 64",74,"Männer"
1998,500,"Kreislaufsystem",4,"65 – 84",363,"Männer"
1998,500,"Kreislaufsystem",5,"85 und älter",232,"Männer"
1998,1100,"Unfälle und Gewalteinwirkungen",2,"15 – 44",49,"Männer"
1998,1100,"Unfälle und Gewalteinwirkungen",3,"45 – 64",29,"Männer"
1998,1100,"Unfälle und Gewalteinwirkungen",4,"65 – 84",29,"Männer"
1998,1100,"Unfälle und Gewalteinwirkungen",5,"85 und älter",12,"Männer"
1999,1200,"Alle übrigen Todesursachen",1,"0 – 14",9,"Frauen"
1999,1200,"Alle übrigen Todesursachen",2,"15 – 44",24,"Frauen"
1999,1200,"Alle übrigen Todesursachen",3,"45 – 64",43,"Frauen"
1999,1200,"Alle übrigen Todesursachen",4,"65 – 84",149,"Frauen"
1999,1200,"Alle übrigen Todesursachen",5,"85 und älter",159,"Frauen"
1999,600,"Atmungsorgane",3,"45 – 64",4,"Frauen"
1999,600,"Atmungsorgane",4,"65 – 84",54,"Frauen"
1999,600,"Atmungsorgane",5,"85 und älter",63,"Frauen"
1999,400,"Demenz",3,"45 – 64",1,"Frauen"
1999,400,"Demenz",4,"65 – 84",38,"Frauen"
1999,400,"Demenz",5,"85 und älter",142,"Frauen"
1999,200,"Krebskrankheiten",2,"15 – 44",13,"Frauen"
1999,200,"Krebskrankheiten",3,"45 – 64",78,"Frauen"
1999,200,"Krebskrankheiten",4,"65 – 84",244,"Frauen"
1999,200,"Krebskrankheiten",5,"85 und älter",102,"Frauen"
1999,500,"Kreislaufsystem",2,"15 – 44",6,"Frauen"
1999,500,"Kreislaufsystem",3,"45 – 64",20,"Frauen"
1999,500,"Kreislaufsystem",4,"65 – 84",314,"Frauen"
1999,500,"Kreislaufsystem",5,"85 und älter",626,"Frauen"
1999,1100,"Unfälle und Gewalteinwirkungen",1,"0 – 14",1,"Frauen"
1999,1100,"Unfälle und Gewalteinwirkungen",2,"15 – 44",12,"Frauen"
1999,1100,"Unfälle und Gewalteinwirkungen",3,"45 – 64",15,"Frauen"
1999,1100,"Unfälle und Gewalteinwirkungen",4,"65 – 84",24,"Frauen"
1999,1100,"Unfälle und Gewalteinwirkungen",5,"85 und älter",40,"Frauen"
1999,1200,"Alle übrigen Todesursachen",1,"0 – 14",8,"Männer"
1999,1200,"Alle übrigen Todesursachen",2,"15 – 44",46,"Männer"
1999,1200,"Alle übrigen Todesursachen",3,"45 – 64",81,"Männer"
1999,1200,"Alle übrigen Todesursachen",4,"65 – 84",149,"Männer"
1999,1200,"Alle übrigen Todesursachen",5,"85 und älter",70,"Männer"
1999,600,"Atmungsorgane",1,"0 – 14",1,"Männer"
1999,600,"Atmungsorgane",2,"15 – 44",2,"Männer"
1999,600,"Atmungsorgane",3,"45 – 64",12,"Männer"
1999,600,"Atmungsorgane",4,"65 – 84",61,"Männer"
1999,600,"Atmungsorgane",5,"85 und älter",40,"Männer"
1999,400,"Demenz",3,"45 – 64",1,"Männer"
1999,400,"Demenz",4,"65 – 84",24,"Männer"
1999,400,"Demenz",5,"85 und älter",43,"Männer"
1999,200,"Krebskrankheiten",2,"15 – 44",14,"Männer"
1999,200,"Krebskrankheiten",3,"45 – 64",100,"Männer"
1999,200,"Krebskrankheiten",4,"65 – 84",275,"Männer"
1999,200,"Krebskrankheiten",5,"85 und älter",87,"Männer"
1999,500,"Kreislaufsystem",2,"15 – 44",6,"Männer"
1999,500,"Kreislaufsystem",3,"45 – 64",80,"Männer"
1999,500,"Kreislaufsystem",4,"65 – 84",335,"Männer"
1999,500,"Kreislaufsystem",5,"85 und älter",219,"Männer"
1999,1100,"Unfälle und Gewalteinwirkungen",1,"0 – 14",1,"Männer"
1999,1100,"Unfälle und Gewalteinwirkungen",2,"15 – 44",45,"Männer"
1999,1100,"Unfälle und Gewalteinwirkungen",3,"45 – 64",21,"Männer"
1999,1100,"Unfälle und Gewalteinwirkungen",4,"65 – 84",23,"Männer"
1999,1100,"Unfälle und Gewalteinwirkungen",5,"85 und älter",23,"Männer"
2000,1200,"Alle übrigen Todesursachen",1,"0 – 14",8,"Frauen"
2000,1200,"Alle übrigen Todesursachen",2,"15 – 44",33,"Frauen"
2000,1200,"Alle übrigen Todesursachen",3,"45 – 64",42,"Frauen"
2000,1200,"Alle übrigen Todesursachen",4,"65 – 84",158,"Frauen"
2000,1200,"Alle übrigen Todesursachen",5,"85 und älter",189,"Frauen"
2000,600,"Atmungsorgane",1,"0 – 14",1,"Frauen"
2000,600,"Atmungsorgane",3,"45 – 64",3,"Frauen"
2000,600,"Atmungsorgane",4,"65 – 84",23,"Frauen"
2000,600,"Atmungsorgane",5,"85 und älter",49,"Frauen"
2000,400,"Demenz",3,"45 – 64",1,"Frauen"
2000,400,"Demenz",4,"65 – 84",35,"Frauen"
2000,400,"Demenz",5,"85 und älter",143,"Frauen"
2000,200,"Krebskrankheiten",1,"0 – 14",1,"Frauen"
2000,200,"Krebskrankheiten",2,"15 – 44",11,"Frauen"
2000,200,"Krebskrankheiten",3,"45 – 64",77,"Frauen"
2000,200,"Krebskrankheiten",4,"65 – 84",225,"Frauen"
2000,200,"Krebskrankheiten",5,"85 und älter",90,"Frauen"
2000,500,"Kreislaufsystem",2,"15 – 44",5,"Frauen"
2000,500,"Kreislaufsystem",3,"45 – 64",26,"Frauen"
2000,500,"Kreislaufsystem",4,"65 – 84",338,"Frauen"
2000,500,"Kreislaufsystem",5,"85 und älter",621,"Frauen"
2000,1100,"Unfälle und Gewalteinwirkungen",1,"0 – 14",2,"Frauen"
2000,1100,"Unfälle und Gewalteinwirkungen",2,"15 – 44",15,"Frauen"
2000,1100,"Unfälle und Gewalteinwirkungen",3,"45 – 64",14,"Frauen"
2000,1100,"Unfälle und Gewalteinwirkungen",4,"65 – 84",41,"Frauen"
2000,1100,"Unfälle und Gewalteinwirkungen",5,"85 und älter",55,"Frauen"
2000,1200,"Alle übrigen Todesursachen",1,"0 – 14",16,"Männer"
2000,1200,"Alle übrigen Todesursachen",2,"15 – 44",48,"Männer"
2000,1200,"Alle übrigen Todesursachen",3,"45 – 64",84,"Männer"
2000,1200,"Alle übrigen Todesursachen",4,"65 – 84",158,"Männer"
2000,1200,"Alle übrigen Todesursachen",5,"85 und älter",78,"Männer"
2000,600,"Atmungsorgane",2,"15 – 44",2,"Männer"
2000,600,"Atmungsorgane",3,"45 – 64",9,"Männer"
2000,600,"Atmungsorgane",4,"65 – 84",63,"Männer"
2000,600,"Atmungsorgane",5,"85 und älter",39,"Männer"
2000,400,"Demenz",3,"45 – 64",1,"Männer"
2000,400,"Demenz",4,"65 – 84",26,"Männer"
2000,400,"Demenz",5,"85 und älter",48,"Männer"
2000,200,"Krebskrankheiten",2,"15 – 44",5,"Männer"
2000,200,"Krebskrankheiten",3,"45 – 64",103,"Männer"
2000,200,"Krebskrankheiten",4,"65 – 84",254,"Männer"
2000,200,"Krebskrankheiten",5,"85 und älter",72,"Männer"
2000,500,"Kreislaufsystem",1,"0 – 14",1,"Männer"
2000,500,"Kreislaufsystem",2,"15 – 44",13,"Männer"
2000,500,"Kreislaufsystem",3,"45 – 64",57,"Männer"
2000,500,"Kreislaufsystem",4,"65 – 84",335,"Männer"
2000,500,"Kreislaufsystem",5,"85 und älter",238,"Männer"
2000,1100,"Unfälle und Gewalteinwirkungen",1,"0 – 14",4,"Männer"
2000,1100,"Unfälle und Gewalteinwirkungen",2,"15 – 44",39,"Männer"
2000,1100,"Unfälle und Gewalteinwirkungen",3,"45 – 64",23,"Männer"
2000,1100,"Unfälle und Gewalteinwirkungen",4,"65 – 84",45,"Männer"
2000,1100,"Unfälle und Gewalteinwirkungen",5,"85 und älter",29,"Männer"
2001,1200,"Alle übrigen Todesursachen",1,"0 – 14",22,"Frauen"
2001,1200,"Alle übrigen Todesursachen",2,"15 – 44",35,"Frauen"
2001,1200,"Alle übrigen Todesursachen",3,"45 – 64",61,"Frauen"
2001,1200,"Alle übrigen Todesursachen",4,"65 – 84",219,"Frauen"
2001,1200,"Alle übrigen Todesursachen",5,"85 und älter",215,"Frauen"
2001,600,"Atmungsorgane",2,"15 – 44",1,"Frauen"
2001,600,"Atmungsorgane",3,"45 – 64",8,"Frauen"
2001,600,"Atmungsorgane",4,"65 – 84",38,"Frauen"
2001,600,"Atmungsorgane",5,"85 und älter",36,"Frauen"
2001,400,"Demenz",4,"65 – 84",57,"Frauen"
2001,400,"Demenz",5,"85 und älter",156,"Frauen"
2001,200,"Krebskrankheiten",2,"15 – 44",10,"Frauen"
2001,200,"Krebskrankheiten",3,"45 – 64",68,"Frauen"
2001,200,"Krebskrankheiten",4,"65 – 84",225,"Frauen"
2001,200,"Krebskrankheiten",5,"85 und älter",99,"Frauen"
2001,500,"Kreislaufsystem",2,"15 – 44",3,"Frauen"
2001,500,"Kreislaufsystem",3,"45 – 64",16,"Frauen"
2001,500,"Kreislaufsystem",4,"65 – 84",290,"Frauen"
2001,500,"Kreislaufsystem",5,"85 und älter",548,"Frauen"
2001,1100,"Unfälle und Gewalteinwirkungen",1,"0 – 14",2,"Frauen"
2001,1100,"Unfälle und Gewalteinwirkungen",2,"15 – 44",19,"Frauen"
2001,1100,"Unfälle und Gewalteinwirkungen",3,"45 – 64",12,"Frauen"
2001,1100,"Unfälle und Gewalteinwirkungen",4,"65 – 84",31,"Frauen"
2001,1100,"Unfälle und Gewalteinwirkungen",5,"85 und älter",43,"Frauen"
2001,1200,"Alle übrigen Todesursachen",1,"0 – 14",13,"Männer"
2001,1200,"Alle übrigen Todesursachen",2,"15 – 44",55,"Männer"
2001,1200,"Alle übrigen Todesursachen",3,"45 – 64",96,"Männer"
2001,1200,"Alle übrigen Todesursachen",4,"65 – 84",191,"Männer"
2001,1200,"Alle übrigen Todesursachen",5,"85 und älter",90,"Männer"
2001,600,"Atmungsorgane",2,"15 – 44",2,"Männer"
2001,600,"Atmungsorgane",3,"45 – 64",10,"Männer"
2001,600,"Atmungsorgane",4,"65 – 84",37,"Männer"
2001,600,"Atmungsorgane",5,"85 und älter",34,"Männer"
2001,400,"Demenz",4,"65 – 84",25,"Männer"
2001,400,"Demenz",5,"85 und älter",36,"Männer"
2001,200,"Krebskrankheiten",1,"0 – 14",2,"Männer"
2001,200,"Krebskrankheiten",2,"15 – 44",10,"Männer"
2001,200,"Krebskrankheiten",3,"45 – 64",107,"Männer"
2001,200,"Krebskrankheiten",4,"65 – 84",259,"Männer"
2001,200,"Krebskrankheiten",5,"85 und älter",79,"Männer"
2001,500,"Kreislaufsystem",2,"15 – 44",8,"Männer"
2001,500,"Kreislaufsystem",3,"45 – 64",62,"Männer"
2001,500,"Kreislaufsystem",4,"65 – 84",283,"Männer"
2001,500,"Kreislaufsystem",5,"85 und älter",210,"Männer"
2001,1100,"Unfälle und Gewalteinwirkungen",2,"15 – 44",35,"Männer"
2001,1100,"Unfälle und Gewalteinwirkungen",3,"45 – 64",27,"Männer"
2001,1100,"Unfälle und Gewalteinwirkungen",4,"65 – 84",23,"Männer"
2001,1100,"Unfälle und Gewalteinwirkungen",5,"85 und älter",35,"Männer"
2002,1200,"Alle übrigen Todesursachen",1,"0 – 14",9,"Frauen"
2002,1200,"Alle übrigen Todesursachen",2,"15 – 44",22,"Frauen"
2002,1200,"Alle übrigen Todesursachen",3,"45 – 64",53,"Frauen"
2002,1200,"Alle übrigen Todesursachen",4,"65 – 84",177,"Frauen"
2002,1200,"Alle übrigen Todesursachen",5,"85 und älter",181,"Frauen"
2002,600,"Atmungsorgane",2,"15 – 44",1,"Frauen"
2002,600,"Atmungsorgane",3,"45 – 64",2,"Frauen"
2002,600,"Atmungsorgane",4,"65 – 84",35,"Frauen"
2002,600,"Atmungsorgane",5,"85 und älter",52,"Frauen"
2002,400,"Demenz",4,"65 – 84",54,"Frauen"
2002,400,"Demenz",5,"85 und älter",145,"Frauen"
2002,200,"Krebskrankheiten",1,"0 – 14",1,"Frauen"
2002,200,"Krebskrankheiten",2,"15 – 44",4,"Frauen"
2002,200,"Krebskrankheiten",3,"45 – 64",86,"Frauen"
2002,200,"Krebskrankheiten",4,"65 – 84",218,"Frauen"
2002,200,"Krebskrankheiten",5,"85 und älter",91,"Frauen"
2002,500,"Kreislaufsystem",2,"15 – 44",3,"Frauen"
2002,500,"Kreislaufsystem",3,"45 – 64",21,"Frauen"
2002,500,"Kreislaufsystem",4,"65 – 84",321,"Frauen"
2002,500,"Kreislaufsystem",5,"85 und älter",528,"Frauen"
2002,1100,"Unfälle und Gewalteinwirkungen",2,"15 – 44",16,"Frauen"
2002,1100,"Unfälle und Gewalteinwirkungen",3,"45 – 64",15,"Frauen"
2002,1100,"Unfälle und Gewalteinwirkungen",4,"65 – 84",37,"Frauen"
2002,1100,"Unfälle und Gewalteinwirkungen",5,"85 und älter",52,"Frauen"
2002,1200,"Alle übrigen Todesursachen",1,"0 – 14",11,"Männer"
2002,1200,"Alle übrigen Todesursachen",2,"15 – 44",48,"Männer"
2002,1200,"Alle übrigen Todesursachen",3,"45 – 64",74,"Männer"
2002,1200,"Alle übrigen Todesursachen",4,"65 – 84",150,"Männer"
2002,1200,"Alle übrigen Todesursachen",5,"85 und älter",77,"Männer"
2002,600,"Atmungsorgane",2,"15 – 44",3,"Männer"
2002,600,"Atmungsorgane",3,"45 – 64",3,"Männer"
2002,600,"Atmungsorgane",4,"65 – 84",54,"Männer"
2002,600,"Atmungsorgane",5,"85 und älter",25,"Männer"
2002,400,"Demenz",4,"65 – 84",32,"Männer"
2002,400,"Demenz",5,"85 und älter",53,"Männer"
2002,200,"Krebskrankheiten",1,"0 – 14",1,"Männer"
2002,200,"Krebskrankheiten",2,"15 – 44",10,"Männer"
2002,200,"Krebskrankheiten",3,"45 – 64",90,"Männer"
2002,200,"Krebskrankheiten",4,"65 – 84",237,"Männer"
2002,200,"Krebskrankheiten",5,"85 und älter",61,"Männer"
2002,500,"Kreislaufsystem",1,"0 – 14",1,"Männer"
2002,500,"Kreislaufsystem",2,"15 – 44",7,"Männer"
2002,500,"Kreislaufsystem",3,"45 – 64",68,"Männer"
2002,500,"Kreislaufsystem",4,"65 – 84",277,"Männer"
2002,500,"Kreislaufsystem",5,"85 und älter",199,"Männer"
2002,1100,"Unfälle und Gewalteinwirkungen",2,"15 – 44",37,"Männer"
2002,1100,"Unfälle und Gewalteinwirkungen",3,"45 – 64",20,"Männer"
2002,1100,"Unfälle und Gewalteinwirkungen",4,"65 – 84",30,"Männer"
2002,1100,"Unfälle und Gewalteinwirkungen",5,"85 und älter",34,"Männer"
2003,1200,"Alle übrigen Todesursachen",1,"0 – 14",15,"Frauen"
2003,1200,"Alle übrigen Todesursachen",2,"15 – 44",25,"Frauen"
2003,1200,"Alle übrigen Todesursachen",3,"45 – 64",60,"Frauen"
2003,1200,"Alle übrigen Todesursachen",4,"65 – 84",178,"Frauen"
2003,1200,"Alle übrigen Todesursachen",5,"85 und älter",203,"Frauen"
2003,600,"Atmungsorgane",3,"45 – 64",3,"Frauen"
2003,600,"Atmungsorgane",4,"65 – 84",46,"Frauen"
2003,600,"Atmungsorgane",5,"85 und älter",42,"Frauen"
2003,400,"Demenz",4,"65 – 84",44,"Frauen"
2003,400,"Demenz",5,"85 und älter",149,"Frauen"
2003,200,"Krebskrankheiten",1,"0 – 14",2,"Frauen"
2003,200,"Krebskrankheiten",2,"15 – 44",19,"Frauen"
2003,200,"Krebskrankheiten",3,"45 – 64",77,"Frauen"
2003,200,"Krebskrankheiten",4,"65 – 84",201,"Frauen"
2003,200,"Krebskrankheiten",5,"85 und älter",85,"Frauen"
2003,500,"Kreislaufsystem",2,"15 – 44",4,"Frauen"
2003,500,"Kreislaufsystem",3,"45 – 64",21,"Frauen"
2003,500,"Kreislaufsystem",4,"65 – 84",254,"Frauen"
2003,500,"Kreislaufsystem",5,"85 und älter",563,"Frauen"
2003,1100,"Unfälle und Gewalteinwirkungen",1,"0 – 14",1,"Frauen"
2003,1100,"Unfälle und Gewalteinwirkungen",2,"15 – 44",12,"Frauen"
2003,1100,"Unfälle und Gewalteinwirkungen",3,"45 – 64",11,"Frauen"
2003,1100,"Unfälle und Gewalteinwirkungen",4,"65 – 84",48,"Frauen"
2003,1100,"Unfälle und Gewalteinwirkungen",5,"85 und älter",44,"Frauen"
2003,1200,"Alle übrigen Todesursachen",1,"0 – 14",9,"Männer"
2003,1200,"Alle übrigen Todesursachen",2,"15 – 44",43,"Männer"
2003,1200,"Alle übrigen Todesursachen",3,"45 – 64",91,"Männer"
2003,1200,"Alle übrigen Todesursachen",4,"65 – 84",177,"Männer"
2003,1200,"Alle übrigen Todesursachen",5,"85 und älter",89,"Männer"
2003,600,"Atmungsorgane",3,"45 – 64",7,"Männer"
2003,600,"Atmungsorgane",4,"65 – 84",50,"Männer"
2003,600,"Atmungsorgane",5,"85 und älter",34,"Männer"
2003,400,"Demenz",4,"65 – 84",23,"Männer"
2003,400,"Demenz",5,"85 und älter",30,"Männer"
2003,200,"Krebskrankheiten",1,"0 – 14",1,"Männer"
2003,200,"Krebskrankheiten",2,"15 – 44",9,"Männer"
2003,200,"Krebskrankheiten",3,"45 – 64",82,"Männer"
2003,200,"Krebskrankheiten",4,"65 – 84",272,"Männer"
2003,200,"Krebskrankheiten",5,"85 und älter",82,"Männer"
2003,500,"Kreislaufsystem",2,"15 – 44",11,"Männer"
2003,500,"Kreislaufsystem",3,"45 – 64",54,"Männer"
2003,500,"Kreislaufsystem",4,"65 – 84",297,"Männer"
2003,500,"Kreislaufsystem",5,"85 und älter",228,"Männer"
2003,1100,"Unfälle und Gewalteinwirkungen",1,"0 – 14",1,"Männer"
2003,1100,"Unfälle und Gewalteinwirkungen",2,"15 – 44",33,"Männer"
2003,1100,"Unfälle und Gewalteinwirkungen",3,"45 – 64",23,"Männer"
2003,1100,"Unfälle und Gewalteinwirkungen",4,"65 – 84",30,"Männer"
2003,1100,"Unfälle und Gewalteinwirkungen",5,"85 und älter",26,"Männer"
2004,1200,"Alle übrigen Todesursachen",1,"0 – 14",8,"Frauen"
2004,1200,"Alle übrigen Todesursachen",2,"15 – 44",15,"Frauen"
2004,1200,"Alle übrigen Todesursachen",3,"45 – 64",37,"Frauen"
2004,1200,"Alle übrigen Todesursachen",4,"65 – 84",152,"Frauen"
2004,1200,"Alle übrigen Todesursachen",5,"85 und älter",185,"Frauen"
2004,600,"Atmungsorgane",2,"15 – 44",1,"Frauen"
2004,600,"Atmungsorgane",3,"45 – 64",9,"Frauen"
2004,600,"Atmungsorgane",4,"65 – 84",33,"Frauen"
2004,600,"Atmungsorgane",5,"85 und älter",54,"Frauen"
2004,400,"Demenz",4,"65 – 84",49,"Frauen"
2004,400,"Demenz",5,"85 und älter",153,"Frauen"
2004,200,"Krebskrankheiten",1,"0 – 14",1,"Frauen"
2004,200,"Krebskrankheiten",2,"15 – 44",12,"Frauen"
2004,200,"Krebskrankheiten",3,"45 – 64",66,"Frauen"
2004,200,"Krebskrankheiten",4,"65 – 84",242,"Frauen"
2004,200,"Krebskrankheiten",5,"85 und älter",87,"Frauen"
2004,500,"Kreislaufsystem",1,"0 – 14",1,"Frauen"
2004,500,"Kreislaufsystem",2,"15 – 44",3,"Frauen"
2004,500,"Kreislaufsystem",3,"45 – 64",15,"Frauen"
2004,500,"Kreislaufsystem",4,"65 – 84",287,"Frauen"
2004,500,"Kreislaufsystem",5,"85 und älter",508,"Frauen"
2004,1100,"Unfälle und Gewalteinwirkungen",2,"15 – 44",9,"Frauen"
2004,1100,"Unfälle und Gewalteinwirkungen",3,"45 – 64",11,"Frauen"
2004,1100,"Unfälle und Gewalteinwirkungen",4,"65 – 84",37,"Frauen"
2004,1100,"Unfälle und Gewalteinwirkungen",5,"85 und älter",40,"Frauen"
2004,1200,"Alle übrigen Todesursachen",1,"0 – 14",17,"Männer"
2004,1200,"Alle übrigen Todesursachen",2,"15 – 44",48,"Männer"
2004,1200,"Alle übrigen Todesursachen",3,"45 – 64",78,"Männer"
2004,1200,"Alle übrigen Todesursachen",4,"65 – 84",161,"Männer"
2004,1200,"Alle übrigen Todesursachen",5,"85 und älter",64,"Männer"
2004,600,"Atmungsorgane",1,"0 – 14",1,"Männer"
2004,600,"Atmungsorgane",3,"45 – 64",12,"Männer"
2004,600,"Atmungsorgane",4,"65 – 84",48,"Männer"
2004,600,"Atmungsorgane",5,"85 und älter",32,"Männer"
2004,400,"Demenz",4,"65 – 84",25,"Männer"
2004,400,"Demenz",5,"85 und älter",41,"Männer"
2004,200,"Krebskrankheiten",1,"0 – 14",2,"Männer"
2004,200,"Krebskrankheiten",2,"15 – 44",10,"Männer"
2004,200,"Krebskrankheiten",3,"45 – 64",83,"Männer"
2004,200,"Krebskrankheiten",4,"65 – 84",231,"Männer"
2004,200,"Krebskrankheiten",5,"85 und älter",66,"Männer"
2004,500,"Kreislaufsystem",1,"0 – 14",2,"Männer"
2004,500,"Kreislaufsystem",2,"15 – 44",12,"Männer"
2004,500,"Kreislaufsystem",3,"45 – 64",49,"Männer"
2004,500,"Kreislaufsystem",4,"65 – 84",262,"Männer"
2004,500,"Kreislaufsystem",5,"85 und älter",197,"Männer"
2004,1100,"Unfälle und Gewalteinwirkungen",1,"0 – 14",1,"Männer"
2004,1100,"Unfälle und Gewalteinwirkungen",2,"15 – 44",27,"Männer"
2004,1100,"Unfälle und Gewalteinwirkungen",3,"45 – 64",22,"Männer"
2004,1100,"Unfälle und Gewalteinwirkungen",4,"65 – 84",43,"Männer"
2004,1100,"Unfälle und Gewalteinwirkungen",5,"85 und älter",19,"Männer"
2005,1200,"Alle übrigen Todesursachen",1,"0 – 14",9,"Frauen"
2005,1200,"Alle übrigen Todesursachen",2,"15 – 44",28,"Frauen"
2005,1200,"Alle übrigen Todesursachen",3,"45 – 64",70,"Frauen"
2005,1200,"Alle übrigen Todesursachen",4,"65 – 84",176,"Frauen"
2005,1200,"Alle übrigen Todesursachen",5,"85 und älter",172,"Frauen"
2005,600,"Atmungsorgane",3,"45 – 64",5,"Frauen"
2005,600,"Atmungsorgane",4,"65 – 84",40,"Frauen"
2005,600,"Atmungsorgane",5,"85 und älter",44,"Frauen"
2005,400,"Demenz",3,"45 – 64",1,"Frauen"
2005,400,"Demenz",4,"65 – 84",69,"Frauen"
2005,400,"Demenz",5,"85 und älter",159,"Frauen"
2005,200,"Krebskrankheiten",1,"0 – 14",1,"Frauen"
2005,200,"Krebskrankheiten",2,"15 – 44",8,"Frauen"
2005,200,"Krebskrankheiten",3,"45 – 64",75,"Frauen"
2005,200,"Krebskrankheiten",4,"65 – 84",227,"Frauen"
2005,200,"Krebskrankheiten",5,"85 und älter",81,"Frauen"
2005,500,"Kreislaufsystem",2,"15 – 44",4,"Frauen"
2005,500,"Kreislaufsystem",3,"45 – 64",16,"Frauen"
2005,500,"Kreislaufsystem",4,"65 – 84",206,"Frauen"
2005,500,"Kreislaufsystem",5,"85 und älter",509,"Frauen"
2005,1100,"Unfälle und Gewalteinwirkungen",2,"15 – 44",11,"Frauen"
2005,1100,"Unfälle und Gewalteinwirkungen",3,"45 – 64",10,"Frauen"
2005,1100,"Unfälle und Gewalteinwirkungen",4,"65 – 84",41,"Frauen"
2005,1100,"Unfälle und Gewalteinwirkungen",5,"85 und älter",32,"Frauen"
2005,1200,"Alle übrigen Todesursachen",1,"0 – 14",22,"Männer"
2005,1200,"Alle übrigen Todesursachen",2,"15 – 44",52,"Männer"
2005,1200,"Alle übrigen Todesursachen",3,"45 – 64",80,"Männer"
2005,1200,"Alle übrigen Todesursachen",4,"65 – 84",153,"Männer"
2005,1200,"Alle übrigen Todesursachen",5,"85 und älter",72,"Männer"
2005,600,"Atmungsorgane",2,"15 – 44",2,"Männer"
2005,600,"Atmungsorgane",3,"45 – 64",6,"Männer"
2005,600,"Atmungsorgane",4,"65 – 84",41,"Männer"
2005,600,"Atmungsorgane",5,"85 und älter",35,"Männer"
2005,400,"Demenz",4,"65 – 84",36,"Männer"
2005,400,"Demenz",5,"85 und älter",47,"Männer"
2005,200,"Krebskrankheiten",1,"0 – 14",1,"Männer"
2005,200,"Krebskrankheiten",2,"15 – 44",7,"Männer"
2005,200,"Krebskrankheiten",3,"45 – 64",79,"Männer"
2005,200,"Krebskrankheiten",4,"65 – 84",261,"Männer"
2005,200,"Krebskrankheiten",5,"85 und älter",91,"Männer"
2005,500,"Kreislaufsystem",1,"0 – 14",1,"Männer"
2005,500,"Kreislaufsystem",2,"15 – 44",6,"Männer"
2005,500,"Kreislaufsystem",3,"45 – 64",57,"Männer"
2005,500,"Kreislaufsystem",4,"65 – 84",231,"Männer"
2005,500,"Kreislaufsystem",5,"85 und älter",213,"Männer"
2005,1100,"Unfälle und Gewalteinwirkungen",1,"0 – 14",1,"Männer"
2005,1100,"Unfälle und Gewalteinwirkungen",2,"15 – 44",29,"Männer"
2005,1100,"Unfälle und Gewalteinwirkungen",3,"45 – 64",28,"Männer"
2005,1100,"Unfälle und Gewalteinwirkungen",4,"65 – 84",38,"Männer"
2005,1100,"Unfälle und Gewalteinwirkungen",5,"85 und älter",21,"Männer"
2006,1200,"Alle übrigen Todesursachen",1,"0 – 14",14,"Frauen"
2006,1200,"Alle übrigen Todesursachen",2,"15 – 44",13,"Frauen"
2006,1200,"Alle übrigen Todesursachen",3,"45 – 64",41,"Frauen"
2006,1200,"Alle übrigen Todesursachen",4,"65 – 84",144,"Frauen"
2006,1200,"Alle übrigen Todesursachen",5,"85 und älter",176,"Frauen"
2006,600,"Atmungsorgane",1,"0 – 14",1,"Frauen"
2006,600,"Atmungsorgane",3,"45 – 64",4,"Frauen"
2006,600,"Atmungsorgane",4,"65 – 84",38,"Frauen"
2006,600,"Atmungsorgane",5,"85 und älter",48,"Frauen"
2006,400,"Demenz",4,"65 – 84",47,"Frauen"
2006,400,"Demenz",5,"85 und älter",176,"Frauen"
2006,200,"Krebskrankheiten",2,"15 – 44",6,"Frauen"
2006,200,"Krebskrankheiten",3,"45 – 64",85,"Frauen"
2006,200,"Krebskrankheiten",4,"65 – 84",217,"Frauen"
2006,200,"Krebskrankheiten",5,"85 und älter",77,"Frauen"
2006,500,"Kreislaufsystem",2,"15 – 44",4,"Frauen"
2006,500,"Kreislaufsystem",3,"45 – 64",16,"Frauen"
2006,500,"Kreislaufsystem",4,"65 – 84",194,"Frauen"
2006,500,"Kreislaufsystem",5,"85 und älter",484,"Frauen"
2006,1100,"Unfälle und Gewalteinwirkungen",2,"15 – 44",9,"Frauen"
2006,1100,"Unfälle und Gewalteinwirkungen",3,"45 – 64",8,"Frauen"
2006,1100,"Unfälle und Gewalteinwirkungen",4,"65 – 84",42,"Frauen"
2006,1100,"Unfälle und Gewalteinwirkungen",5,"85 und älter",61,"Frauen"
2006,1200,"Alle übrigen Todesursachen",1,"0 – 14",11,"Männer"
2006,1200,"Alle übrigen Todesursachen",2,"15 – 44",43,"Männer"
2006,1200,"Alle übrigen Todesursachen",3,"45 – 64",88,"Männer"
2006,1200,"Alle übrigen Todesursachen",4,"65 – 84",175,"Männer"
2006,1200,"Alle übrigen Todesursachen",5,"85 und älter",79,"Männer"
2006,600,"Atmungsorgane",2,"15 – 44",1,"Männer"
2006,600,"Atmungsorgane",3,"45 – 64",5,"Männer"
2006,600,"Atmungsorgane",4,"65 – 84",37,"Männer"
2006,600,"Atmungsorgane",5,"85 und älter",38,"Männer"
2006,400,"Demenz",4,"65 – 84",33,"Männer"
2006,400,"Demenz",5,"85 und älter",49,"Männer"
2006,200,"Krebskrankheiten",1,"0 – 14",1,"Männer"
2006,200,"Krebskrankheiten",2,"15 – 44",14,"Männer"
2006,200,"Krebskrankheiten",3,"45 – 64",85,"Männer"
2006,200,"Krebskrankheiten",4,"65 – 84",231,"Männer"
2006,200,"Krebskrankheiten",5,"85 und älter",60,"Männer"
2006,500,"Kreislaufsystem",2,"15 – 44",6,"Männer"
2006,500,"Kreislaufsystem",3,"45 – 64",44,"Männer"
2006,500,"Kreislaufsystem",4,"65 – 84",233,"Männer"
2006,500,"Kreislaufsystem",5,"85 und älter",192,"Männer"
2006,1100,"Unfälle und Gewalteinwirkungen",2,"15 – 44",26,"Männer"
2006,1100,"Unfälle und Gewalteinwirkungen",3,"45 – 64",27,"Männer"
2006,1100,"Unfälle und Gewalteinwirkungen",4,"65 – 84",32,"Männer"
2006,1100,"Unfälle und Gewalteinwirkungen",5,"85 und älter",23,"Männer"
2007,1200,"Alle übrigen Todesursachen",1,"0 – 14",10,"Frauen"
2007,1200,"Alle übrigen Todesursachen",2,"15 – 44",13,"Frauen"
2007,1200,"Alle übrigen Todesursachen",3,"45 – 64",51,"Frauen"
2007,1200,"Alle übrigen Todesursachen",4,"65 – 84",152,"Frauen"
2007,1200,"Alle übrigen Todesursachen",5,"85 und älter",173,"Frauen"
2007,600,"Atmungsorgane",3,"45 – 64",2,"Frauen"
2007,600,"Atmungsorgane",4,"65 – 84",43,"Frauen"
2007,600,"Atmungsorgane",5,"85 und älter",43,"Frauen"
2007,400,"Demenz",4,"65 – 84",55,"Frauen"
2007,400,"Demenz",5,"85 und älter",166,"Frauen"
2007,200,"Krebskrankheiten",2,"15 – 44",6,"Frauen"
2007,200,"Krebskrankheiten",3,"45 – 64",62,"Frauen"
2007,200,"Krebskrankheiten",4,"65 – 84",214,"Frauen"
2007,200,"Krebskrankheiten",5,"85 und älter",108,"Frauen"
2007,500,"Kreislaufsystem",2,"15 – 44",2,"Frauen"
2007,500,"Kreislaufsystem",3,"45 – 64",12,"Frauen"
2007,500,"Kreislaufsystem",4,"65 – 84",246,"Frauen"
2007,500,"Kreislaufsystem",5,"85 und älter",522,"Frauen"
2007,1100,"Unfälle und Gewalteinwirkungen",1,"0 – 14",2,"Frauen"
2007,1100,"Unfälle und Gewalteinwirkungen",2,"15 – 44",11,"Frauen"
2007,1100,"Unfälle und Gewalteinwirkungen",3,"45 – 64",14,"Frauen"
2007,1100,"Unfälle und Gewalteinwirkungen",4,"65 – 84",36,"Frauen"
2007,1100,"Unfälle und Gewalteinwirkungen",5,"85 und älter",51,"Frauen"
2007,1200,"Alle übrigen Todesursachen",1,"0 – 14",13,"Männer"
2007,1200,"Alle übrigen Todesursachen",2,"15 – 44",19,"Männer"
2007,1200,"Alle übrigen Todesursachen",3,"45 – 64",78,"Männer"
2007,1200,"Alle übrigen Todesursachen",4,"65 – 84",142,"Männer"
2007,1200,"Alle übrigen Todesursachen",5,"85 und älter",76,"Männer"
2007,600,"Atmungsorgane",2,"15 – 44",2,"Männer"
2007,600,"Atmungsorgane",3,"45 – 64",8,"Männer"
2007,600,"Atmungsorgane",4,"65 – 84",50,"Männer"
2007,600,"Atmungsorgane",5,"85 und älter",33,"Männer"
2007,400,"Demenz",3,"45 – 64",1,"Männer"
2007,400,"Demenz",4,"65 – 84",45,"Männer"
2007,400,"Demenz",5,"85 und älter",52,"Männer"
2007,200,"Krebskrankheiten",1,"0 – 14",2,"Männer"
2007,200,"Krebskrankheiten",2,"15 – 44",7,"Männer"
2007,200,"Krebskrankheiten",3,"45 – 64",72,"Männer"
2007,200,"Krebskrankheiten",4,"65 – 84",222,"Männer"
2007,200,"Krebskrankheiten",5,"85 und älter",69,"Männer"
2007,500,"Kreislaufsystem",2,"15 – 44",8,"Männer"
2007,500,"Kreislaufsystem",3,"45 – 64",51,"Männer"
2007,500,"Kreislaufsystem",4,"65 – 84",220,"Männer"
2007,500,"Kreislaufsystem",5,"85 und älter",211,"Männer"
2007,1100,"Unfälle und Gewalteinwirkungen",2,"15 – 44",33,"Männer"
2007,1100,"Unfälle und Gewalteinwirkungen",3,"45 – 64",14,"Männer"
2007,1100,"Unfälle und Gewalteinwirkungen",4,"65 – 84",30,"Männer"
2007,1100,"Unfälle und Gewalteinwirkungen",5,"85 und älter",28,"Männer"
2008,1200,"Alle übrigen Todesursachen",1,"0 – 14",9,"Frauen"
2008,1200,"Alle übrigen Todesursachen",2,"15 – 44",9,"Frauen"
2008,1200,"Alle übrigen Todesursachen",3,"45 – 64",42,"Frauen"
2008,1200,"Alle übrigen Todesursachen",4,"65 – 84",144,"Frauen"
2008,1200,"Alle übrigen Todesursachen",5,"85 und älter",146,"Frauen"
2008,600,"Atmungsorgane",2,"15 – 44",1,"Frauen"
2008,600,"Atmungsorgane",3,"45 – 64",4,"Frauen"
2008,600,"Atmungsorgane",4,"65 – 84",24,"Frauen"
2008,600,"Atmungsorgane",5,"85 und älter",59,"Frauen"
2008,400,"Demenz",3,"45 – 64",2,"Frauen"
2008,400,"Demenz",4,"65 – 84",45,"Frauen"
2008,400,"Demenz",5,"85 und älter",191,"Frauen"
2008,200,"Krebskrankheiten",2,"15 – 44",15,"Frauen"
2008,200,"Krebskrankheiten",3,"45 – 64",69,"Frauen"
2008,200,"Krebskrankheiten",4,"65 – 84",211,"Frauen"
2008,200,"Krebskrankheiten",5,"85 und älter",81,"Frauen"
2008,500,"Kreislaufsystem",2,"15 – 44",2,"Frauen"
2008,500,"Kreislaufsystem",3,"45 – 64",13,"Frauen"
2008,500,"Kreislaufsystem",4,"65 – 84",239,"Frauen"
2008,500,"Kreislaufsystem",5,"85 und älter",491,"Frauen"
2008,1100,"Unfälle und Gewalteinwirkungen",2,"15 – 44",21,"Frauen"
2008,1100,"Unfälle und Gewalteinwirkungen",3,"45 – 64",13,"Frauen"
2008,1100,"Unfälle und Gewalteinwirkungen",4,"65 – 84",42,"Frauen"
2008,1100,"Unfälle und Gewalteinwirkungen",5,"85 und älter",42,"Frauen"
2008,1200,"Alle übrigen Todesursachen",1,"0 – 14",10,"Männer"
2008,1200,"Alle übrigen Todesursachen",2,"15 – 44",15,"Männer"
2008,1200,"Alle übrigen Todesursachen",3,"45 – 64",85,"Männer"
2008,1200,"Alle übrigen Todesursachen",4,"65 – 84",125,"Männer"
2008,1200,"Alle übrigen Todesursachen",5,"85 und älter",84,"Männer"
2008,600,"Atmungsorgane",3,"45 – 64",8,"Männer"
2008,600,"Atmungsorgane",4,"65 – 84",49,"Männer"
2008,600,"Atmungsorgane",5,"85 und älter",30,"Männer"
2008,400,"Demenz",4,"65 – 84",26,"Männer"
2008,400,"Demenz",5,"85 und älter",65,"Männer"
2008,200,"Krebskrankheiten",1,"0 – 14",1,"Männer"
2008,200,"Krebskrankheiten",2,"15 – 44",8,"Männer"
2008,200,"Krebskrankheiten",3,"45 – 64",82,"Männer"
2008,200,"Krebskrankheiten",4,"65 – 84",216,"Männer"
2008,200,"Krebskrankheiten",5,"85 und älter",86,"Männer"
2008,500,"Kreislaufsystem",1,"0 – 14",1,"Männer"
2008,500,"Kreislaufsystem",2,"15 – 44",7,"Männer"
2008,500,"Kreislaufsystem",3,"45 – 64",51,"Männer"
2008,500,"Kreislaufsystem",4,"65 – 84",233,"Männer"
2008,500,"Kreislaufsystem",5,"85 und älter",220,"Männer"
2008,1100,"Unfälle und Gewalteinwirkungen",1,"0 – 14",1,"Männer"
2008,1100,"Unfälle und Gewalteinwirkungen",2,"15 – 44",36,"Männer"
2008,1100,"Unfälle und Gewalteinwirkungen",3,"45 – 64",27,"Männer"
2008,1100,"Unfälle und Gewalteinwirkungen",4,"65 – 84",43,"Männer"
2008,1100,"Unfälle und Gewalteinwirkungen",5,"85 und älter",24,"Männer"
2009,1200,"Alle übrigen Todesursachen",1,"0 – 14",8,"Frauen"
2009,1200,"Alle übrigen Todesursachen",2,"15 – 44",6,"Frauen"
2009,1200,"Alle übrigen Todesursachen",3,"45 – 64",29,"Frauen"
2009,1200,"Alle übrigen Todesursachen",4,"65 – 84",169,"Frauen"
2009,1200,"Alle übrigen Todesursachen",5,"85 und älter",168,"Frauen"
2009,600,"Atmungsorgane",2,"15 – 44",1,"Frauen"
2009,600,"Atmungsorgane",3,"45 – 64",3,"Frauen"
2009,600,"Atmungsorgane",4,"65 – 84",39,"Frauen"
2009,600,"Atmungsorgane",5,"85 und älter",65,"Frauen"
2009,400,"Demenz",4,"65 – 84",63,"Frauen"
2009,400,"Demenz",5,"85 und älter",216,"Frauen"
2009,200,"Krebskrankheiten",1,"0 – 14",1,"Frauen"
2009,200,"Krebskrankheiten",2,"15 – 44",7,"Frauen"
2009,200,"Krebskrankheiten",3,"45 – 64",60,"Frauen"
2009,200,"Krebskrankheiten",4,"65 – 84",221,"Frauen"
2009,200,"Krebskrankheiten",5,"85 und älter",102,"Frauen"
2009,500,"Kreislaufsystem",2,"15 – 44",6,"Frauen"
2009,500,"Kreislaufsystem",3,"45 – 64",15,"Frauen"
2009,500,"Kreislaufsystem",4,"65 – 84",209,"Frauen"
2009,500,"Kreislaufsystem",5,"85 und älter",484,"Frauen"
2009,1100,"Unfälle und Gewalteinwirkungen",2,"15 – 44",14,"Frauen"
2009,1100,"Unfälle und Gewalteinwirkungen",3,"45 – 64",10,"Frauen"
2009,1100,"Unfälle und Gewalteinwirkungen",4,"65 – 84",17,"Frauen"
2009,1100,"Unfälle und Gewalteinwirkungen",5,"85 und älter",45,"Frauen"
2009,1200,"Alle übrigen Todesursachen",1,"0 – 14",13,"Männer"
2009,1200,"Alle übrigen Todesursachen",2,"15 – 44",23,"Männer"
2009,1200,"Alle übrigen Todesursachen",3,"45 – 64",63,"Männer"
2009,1200,"Alle übrigen Todesursachen",4,"65 – 84",146,"Männer"
2009,1200,"Alle übrigen Todesursachen",5,"85 und älter",89,"Männer"
2009,600,"Atmungsorgane",2,"15 – 44",2,"Männer"
2009,600,"Atmungsorgane",3,"45 – 64",6,"Männer"
2009,600,"Atmungsorgane",4,"65 – 84",43,"Männer"
2009,600,"Atmungsorgane",5,"85 und älter",24,"Männer"
2009,400,"Demenz",3,"45 – 64",1,"Männer"
2009,400,"Demenz",4,"65 – 84",38,"Männer"
2009,400,"Demenz",5,"85 und älter",45,"Männer"
2009,200,"Krebskrankheiten",2,"15 – 44",8,"Männer"
2009,200,"Krebskrankheiten",3,"45 – 64",74,"Männer"
2009,200,"Krebskrankheiten",4,"65 – 84",214,"Männer"
2009,200,"Krebskrankheiten",5,"85 und älter",79,"Männer"
2009,500,"Kreislaufsystem",2,"15 – 44",5,"Männer"
2009,500,"Kreislaufsystem",3,"45 – 64",57,"Männer"
2009,500,"Kreislaufsystem",4,"65 – 84",201,"Männer"
2009,500,"Kreislaufsystem",5,"85 und älter",209,"Männer"
2009,1100,"Unfälle und Gewalteinwirkungen",1,"0 – 14",1,"Männer"
2009,1100,"Unfälle und Gewalteinwirkungen",2,"15 – 44",34,"Männer"
2009,1100,"Unfälle und Gewalteinwirkungen",3,"45 – 64",24,"Männer"
2009,1100,"Unfälle und Gewalteinwirkungen",4,"65 – 84",42,"Männer"
2009,1100,"Unfälle und Gewalteinwirkungen",5,"85 und älter",18,"Männer"
2010,1200,"Alle übrigen Todesursachen",1,"0 – 14",12,"Frauen"
2010,1200,"Alle übrigen Todesursachen",2,"15 – 44",13,"Frauen"
2010,1200,"Alle übrigen Todesursachen",3,"45 – 64",50,"Frauen"
2010,1200,"Alle übrigen Todesursachen",4,"65 – 84",146,"Frauen"
2010,1200,"Alle übrigen Todesursachen",5,"85 und älter",187,"Frauen"
2010,600,"Atmungsorgane",3,"45 – 64",8,"Frauen"
2010,600,"Atmungsorgane",4,"65 – 84",39,"Frauen"
2010,600,"Atmungsorgane",5,"85 und älter",42,"Frauen"
2010,400,"Demenz",3,"45 – 64",1,"Frauen"
2010,400,"Demenz",4,"65 – 84",68,"Frauen"
2010,400,"Demenz",5,"85 und älter",202,"Frauen"
2010,200,"Krebskrankheiten",2,"15 – 44",11,"Frauen"
2010,200,"Krebskrankheiten",3,"45 – 64",73,"Frauen"
2010,200,"Krebskrankheiten",4,"65 – 84",179,"Frauen"
2010,200,"Krebskrankheiten",5,"85 und älter",81,"Frauen"
2010,500,"Kreislaufsystem",2,"15 – 44",2,"Frauen"
2010,500,"Kreislaufsystem",3,"45 – 64",14,"Frauen"
2010,500,"Kreislaufsystem",4,"65 – 84",213,"Frauen"
2010,500,"Kreislaufsystem",5,"85 und älter",428,"Frauen"
2010,1100,"Unfälle und Gewalteinwirkungen",2,"15 – 44",13,"Frauen"
2010,1100,"Unfälle und Gewalteinwirkungen",3,"45 – 64",10,"Frauen"
2010,1100,"Unfälle und Gewalteinwirkungen",4,"65 – 84",21,"Frauen"
2010,1100,"Unfälle und Gewalteinwirkungen",5,"85 und älter",46,"Frauen"
2010,1200,"Alle übrigen Todesursachen",1,"0 – 14",15,"Männer"
2010,1200,"Alle übrigen Todesursachen",2,"15 – 44",18,"Männer"
2010,1200,"Alle übrigen Todesursachen",3,"45 – 64",66,"Männer"
2010,1200,"Alle übrigen Todesursachen",4,"65 – 84",164,"Männer"
2010,1200,"Alle übrigen Todesursachen",5,"85 und älter",87,"Männer"
2010,600,"Atmungsorgane",2,"15 – 44",2,"Männer"
2010,600,"Atmungsorgane",3,"45 – 64",7,"Männer"
2010,600,"Atmungsorgane",4,"65 – 84",46,"Männer"
2010,600,"Atmungsorgane",5,"85 und älter",38,"Männer"
2010,400,"Demenz",4,"65 – 84",29,"Männer"
2010,400,"Demenz",5,"85 und älter",70,"Männer"
2010,200,"Krebskrankheiten",1,"0 – 14",2,"Männer"
2010,200,"Krebskrankheiten",2,"15 – 44",11,"Männer"
2010,200,"Krebskrankheiten",3,"45 – 64",85,"Männer"
2010,200,"Krebskrankheiten",4,"65 – 84",237,"Männer"
2010,200,"Krebskrankheiten",5,"85 und älter",72,"Männer"
2010,500,"Kreislaufsystem",1,"0 – 14",2,"Männer"
2010,500,"Kreislaufsystem",2,"15 – 44",4,"Männer"
2010,500,"Kreislaufsystem",3,"45 – 64",50,"Männer"
2010,500,"Kreislaufsystem",4,"65 – 84",222,"Männer"
2010,500,"Kreislaufsystem",5,"85 und älter",201,"Männer"
2010,1100,"Unfälle und Gewalteinwirkungen",2,"15 – 44",23,"Männer"
2010,1100,"Unfälle und Gewalteinwirkungen",3,"45 – 64",36,"Männer"
2010,1100,"Unfälle und Gewalteinwirkungen",4,"65 – 84",31,"Männer"
2010,1100,"Unfälle und Gewalteinwirkungen",5,"85 und älter",18,"Männer"
2011,1200,"Alle übrigen Todesursachen",1,"0 – 14",11,"Frauen"
2011,1200,"Alle übrigen Todesursachen",2,"15 – 44",11,"Frauen"
2011,1200,"Alle übrigen Todesursachen",3,"45 – 64",29,"Frauen"
2011,1200,"Alle übrigen Todesursachen",4,"65 – 84",188,"Frauen"
2011,1200,"Alle übrigen Todesursachen",5,"85 und älter",198,"Frauen"
2011,600,"Atmungsorgane",2,"15 – 44",1,"Frauen"
2011,600,"Atmungsorgane",3,"45 – 64",2,"Frauen"
2011,600,"Atmungsorgane",4,"65 – 84",30,"Frauen"
2011,600,"Atmungsorgane",5,"85 und älter",48,"Frauen"
2011,400,"Demenz",4,"65 – 84",62,"Frauen"
2011,400,"Demenz",5,"85 und älter",193,"Frauen"
2011,200,"Krebskrankheiten",1,"0 – 14",2,"Frauen"
2011,200,"Krebskrankheiten",2,"15 – 44",15,"Frauen"
2011,200,"Krebskrankheiten",3,"45 – 64",72,"Frauen"
2011,200,"Krebskrankheiten",4,"65 – 84",197,"Frauen"
2011,200,"Krebskrankheiten",5,"85 und älter",96,"Frauen"
2011,500,"Kreislaufsystem",2,"15 – 44",4,"Frauen"
2011,500,"Kreislaufsystem",3,"45 – 64",14,"Frauen"
2011,500,"Kreislaufsystem",4,"65 – 84",162,"Frauen"
2011,500,"Kreislaufsystem",5,"85 und älter",421,"Frauen"
2011,1100,"Unfälle und Gewalteinwirkungen",1,"0 – 14",2,"Frauen"
2011,1100,"Unfälle und Gewalteinwirkungen",2,"15 – 44",4,"Frauen"
2011,1100,"Unfälle und Gewalteinwirkungen",3,"45 – 64",17,"Frauen"
2011,1100,"Unfälle und Gewalteinwirkungen",4,"65 – 84",27,"Frauen"
2011,1100,"Unfälle und Gewalteinwirkungen",5,"85 und älter",42,"Frauen"
2011,1200,"Alle übrigen Todesursachen",1,"0 – 14",19,"Männer"
2011,1200,"Alle übrigen Todesursachen",2,"15 – 44",13,"Männer"
2011,1200,"Alle übrigen Todesursachen",3,"45 – 64",81,"Männer"
2011,1200,"Alle übrigen Todesursachen",4,"65 – 84",175,"Männer"
2011,1200,"Alle übrigen Todesursachen",5,"85 und älter",91,"Männer"
2011,600,"Atmungsorgane",2,"15 – 44",1,"Männer"
2011,600,"Atmungsorgane",3,"45 – 64",8,"Männer"
2011,600,"Atmungsorgane",4,"65 – 84",42,"Männer"
2011,600,"Atmungsorgane",5,"85 und älter",43,"Männer"
2011,400,"Demenz",4,"65 – 84",31,"Männer"
2011,400,"Demenz",5,"85 und älter",65,"Männer"
2011,200,"Krebskrankheiten",2,"15 – 44",4,"Männer"
2011,200,"Krebskrankheiten",3,"45 – 64",78,"Männer"
2011,200,"Krebskrankheiten",4,"65 – 84",215,"Männer"
2011,200,"Krebskrankheiten",5,"85 und älter",86,"Männer"
2011,500,"Kreislaufsystem",2,"15 – 44",6,"Männer"
2011,500,"Kreislaufsystem",3,"45 – 64",35,"Männer"
2011,500,"Kreislaufsystem",4,"65 – 84",171,"Männer"
2011,500,"Kreislaufsystem",5,"85 und älter",182,"Männer"
2011,1100,"Unfälle und Gewalteinwirkungen",2,"15 – 44",25,"Männer"
2011,1100,"Unfälle und Gewalteinwirkungen",3,"45 – 64",18,"Männer"
2011,1100,"Unfälle und Gewalteinwirkungen",4,"65 – 84",26,"Männer"
2011,1100,"Unfälle und Gewalteinwirkungen",5,"85 und älter",27,"Männer"
2012,1200,"Alle übrigen Todesursachen",1,"0 – 14",14,"Frauen"
2012,1200,"Alle übrigen Todesursachen",2,"15 – 44",8,"Frauen"
2012,1200,"Alle übrigen Todesursachen",3,"45 – 64",41,"Frauen"
2012,1200,"Alle übrigen Todesursachen",4,"65 – 84",134,"Frauen"
2012,1200,"Alle übrigen Todesursachen",5,"85 und älter",190,"Frauen"
2012,600,"Atmungsorgane",2,"15 – 44",1,"Frauen"
2012,600,"Atmungsorgane",3,"45 – 64",5,"Frauen"
2012,600,"Atmungsorgane",4,"65 – 84",41,"Frauen"
2012,600,"Atmungsorgane",5,"85 und älter",39,"Frauen"
2012,400,"Demenz",3,"45 – 64",1,"Frauen"
2012,400,"Demenz",4,"65 – 84",49,"Frauen"
2012,400,"Demenz",5,"85 und älter",223,"Frauen"
2012,200,"Krebskrankheiten",2,"15 – 44",8,"Frauen"
2012,200,"Krebskrankheiten",3,"45 – 64",68,"Frauen"
2012,200,"Krebskrankheiten",4,"65 – 84",199,"Frauen"
2012,200,"Krebskrankheiten",5,"85 und älter",95,"Frauen"
2012,500,"Kreislaufsystem",2,"15 – 44",3,"Frauen"
2012,500,"Kreislaufsystem",3,"45 – 64",15,"Frauen"
2012,500,"Kreislaufsystem",4,"65 – 84",190,"Frauen"
2012,500,"Kreislaufsystem",5,"85 und älter",479,"Frauen"
2012,1100,"Unfälle und Gewalteinwirkungen",1,"0 – 14",2,"Frauen"
2012,1100,"Unfälle und Gewalteinwirkungen",2,"15 – 44",8,"Frauen"
2012,1100,"Unfälle und Gewalteinwirkungen",3,"45 – 64",12,"Frauen"
2012,1100,"Unfälle und Gewalteinwirkungen",4,"65 – 84",21,"Frauen"
2012,1100,"Unfälle und Gewalteinwirkungen",5,"85 und älter",35,"Frauen"
2012,1200,"Alle übrigen Todesursachen",1,"0 – 14",10,"Männer"
2012,1200,"Alle übrigen Todesursachen",2,"15 – 44",19,"Männer"
2012,1200,"Alle übrigen Todesursachen",3,"45 – 64",63,"Männer"
2012,1200,"Alle übrigen Todesursachen",4,"65 – 84",139,"Männer"
2012,1200,"Alle übrigen Todesursachen",5,"85 und älter",88,"Männer"
2012,600,"Atmungsorgane",2,"15 – 44",1,"Männer"
2012,600,"Atmungsorgane",3,"45 – 64",8,"Männer"
2012,600,"Atmungsorgane",4,"65 – 84",39,"Männer"
2012,600,"Atmungsorgane",5,"85 und älter",31,"Männer"
2012,400,"Demenz",4,"65 – 84",36,"Männer"
2012,400,"Demenz",5,"85 und älter",65,"Männer"
2012,200,"Krebskrankheiten",1,"0 – 14",1,"Männer"
2012,200,"Krebskrankheiten",2,"15 – 44",8,"Männer"
2012,200,"Krebskrankheiten",3,"45 – 64",78,"Männer"
2012,200,"Krebskrankheiten",4,"65 – 84",223,"Männer"
2012,200,"Krebskrankheiten",5,"85 und älter",89,"Männer"
2012,500,"Kreislaufsystem",2,"15 – 44",10,"Männer"
2012,500,"Kreislaufsystem",3,"45 – 64",50,"Männer"
2012,500,"Kreislaufsystem",4,"65 – 84",180,"Männer"
2012,500,"Kreislaufsystem",5,"85 und älter",193,"Männer"
2012,1100,"Unfälle und Gewalteinwirkungen",1,"0 – 14",2,"Männer"
2012,1100,"Unfälle und Gewalteinwirkungen",2,"15 – 44",27,"Männer"
2012,1100,"Unfälle und Gewalteinwirkungen",3,"45 – 64",29,"Männer"
2012,1100,"Unfälle und Gewalteinwirkungen",4,"65 – 84",33,"Männer"
2012,1100,"Unfälle und Gewalteinwirkungen",5,"85 und älter",27,"Männer"
2013,1200,"Alle übrigen Todesursachen",1,"0 – 14",3,"Frauen"
2013,1200,"Alle übrigen Todesursachen",2,"15 – 44",14,"Frauen"
2013,1200,"Alle übrigen Todesursachen",3,"45 – 64",30,"Frauen"
2013,1200,"Alle übrigen Todesursachen",4,"65 – 84",155,"Frauen"
2013,1200,"Alle übrigen Todesursachen",5,"85 und älter",203,"Frauen"
2013,600,"Atmungsorgane",1,"0 – 14",1,"Frauen"
2013,600,"Atmungsorgane",2,"15 – 44",1,"Frauen"
2013,600,"Atmungsorgane",3,"45 – 64",4,"Frauen"
2013,600,"Atmungsorgane",4,"65 – 84",37,"Frauen"
2013,600,"Atmungsorgane",5,"85 und älter",50,"Frauen"
2013,400,"Demenz",3,"45 – 64",3,"Frauen"
2013,400,"Demenz",4,"65 – 84",52,"Frauen"
2013,400,"Demenz",5,"85 und älter",269,"Frauen"
2013,200,"Krebskrankheiten",2,"15 – 44",10,"Frauen"
2013,200,"Krebskrankheiten",3,"45 – 64",74,"Frauen"
2013,200,"Krebskrankheiten",4,"65 – 84",210,"Frauen"
2013,200,"Krebskrankheiten",5,"85 und älter",111,"Frauen"
2013,500,"Kreislaufsystem",2,"15 – 44",1,"Frauen"
2013,500,"Kreislaufsystem",3,"45 – 64",14,"Frauen"
2013,500,"Kreislaufsystem",4,"65 – 84",179,"Frauen"
2013,500,"Kreislaufsystem",5,"85 und älter",454,"Frauen"
2013,1100,"Unfälle und Gewalteinwirkungen",1,"0 – 14",1,"Frauen"
2013,1100,"Unfälle und Gewalteinwirkungen",2,"15 – 44",4,"Frauen"
2013,1100,"Unfälle und Gewalteinwirkungen",3,"45 – 64",10,"Frauen"
2013,1100,"Unfälle und Gewalteinwirkungen",4,"65 – 84",31,"Frauen"
2013,1100,"Unfälle und Gewalteinwirkungen",5,"85 und älter",63,"Frauen"
2013,1200,"Alle übrigen Todesursachen",2,"15 – 44",11,"Männer"
2013,1200,"Alle übrigen Todesursachen",3,"45 – 64",68,"Männer"
2013,1200,"Alle übrigen Todesursachen",4,"65 – 84",154,"Männer"
2013,1200,"Alle übrigen Todesursachen",5,"85 und älter",100,"Männer"
2013,600,"Atmungsorgane",3,"45 – 64",11,"Männer"
2013,600,"Atmungsorgane",4,"65 – 84",40,"Männer"
2013,600,"Atmungsorgane",5,"85 und älter",35,"Männer"
2013,400,"Demenz",4,"65 – 84",30,"Männer"
2013,400,"Demenz",5,"85 und älter",90,"Männer"
2013,200,"Krebskrankheiten",1,"0 – 14",1,"Männer"
2013,200,"Krebskrankheiten",2,"15 – 44",15,"Männer"
2013,200,"Krebskrankheiten",3,"45 – 64",83,"Männer"
2013,200,"Krebskrankheiten",4,"65 – 84",215,"Männer"
2013,200,"Krebskrankheiten",5,"85 und älter",103,"Männer"
2013,500,"Kreislaufsystem",2,"15 – 44",6,"Männer"
2013,500,"Kreislaufsystem",3,"45 – 64",35,"Männer"
2013,500,"Kreislaufsystem",4,"65 – 84",185,"Männer"
2013,500,"Kreislaufsystem",5,"85 und älter",204,"Männer"
2013,1100,"Unfälle und Gewalteinwirkungen",1,"0 – 14",1,"Männer"
2013,1100,"Unfälle und Gewalteinwirkungen",2,"15 – 44",20,"Männer"
2013,1100,"Unfälle und Gewalteinwirkungen",3,"45 – 64",25,"Männer"
2013,1100,"Unfälle und Gewalteinwirkungen",4,"65 – 84",24,"Männer"
2013,1100,"Unfälle und Gewalteinwirkungen",5,"85 und älter",25,"Männer"
2014,1200,"Alle übrigen Todesursachen",1,"0 – 14",4,"Frauen"
2014,1200,"Alle übrigen Todesursachen",2,"15 – 44",8,"Frauen"
2014,1200,"Alle übrigen Todesursachen",3,"45 – 64",36,"Frauen"
2014,1200,"Alle übrigen Todesursachen",4,"65 – 84",142,"Frauen"
2014,1200,"Alle übrigen Todesursachen",5,"85 und älter",231,"Frauen"
2014,600,"Atmungsorgane",3,"45 – 64",5,"Frauen"
2014,600,"Atmungsorgane",4,"65 – 84",27,"Frauen"
2014,600,"Atmungsorgane",5,"85 und älter",52,"Frauen"
2014,400,"Demenz",3,"45 – 64",1,"Frauen"
2014,400,"Demenz",4,"65 – 84",55,"Frauen"
2014,400,"Demenz",5,"85 und älter",216,"Frauen"
2014,200,"Krebskrankheiten",2,"15 – 44",4,"Frauen"
2014,200,"Krebskrankheiten",3,"45 – 64",62,"Frauen"
2014,200,"Krebskrankheiten",4,"65 – 84",206,"Frauen"
2014,200,"Krebskrankheiten",5,"85 und älter",94,"Frauen"
2014,500,"Kreislaufsystem",2,"15 – 44",3,"Frauen"
2014,500,"Kreislaufsystem",3,"45 – 64",13,"Frauen"
2014,500,"Kreislaufsystem",4,"65 – 84",152,"Frauen"
2014,500,"Kreislaufsystem",5,"85 und älter",460,"Frauen"
2014,1100,"Unfälle und Gewalteinwirkungen",2,"15 – 44",9,"Frauen"
2014,1100,"Unfälle und Gewalteinwirkungen",3,"45 – 64",12,"Frauen"
2014,1100,"Unfälle und Gewalteinwirkungen",4,"65 – 84",16,"Frauen"
2014,1100,"Unfälle und Gewalteinwirkungen",5,"85 und älter",59,"Frauen"
2014,1200,"Alle übrigen Todesursachen",1,"0 – 14",5,"Männer"
2014,1200,"Alle übrigen Todesursachen",2,"15 – 44",17,"Männer"
2014,1200,"Alle übrigen Todesursachen",3,"45 – 64",59,"Männer"
2014,1200,"Alle übrigen Todesursachen",4,"65 – 84",150,"Männer"
2014,1200,"Alle übrigen Todesursachen",5,"85 und älter",118,"Männer"
2014,600,"Atmungsorgane",2,"15 – 44",1,"Männer"
2014,600,"Atmungsorgane",3,"45 – 64",6,"Männer"
2014,600,"Atmungsorgane",4,"65 – 84",34,"Männer"
2014,600,"Atmungsorgane",5,"85 und älter",33,"Männer"
2014,400,"Demenz",4,"65 – 84",47,"Männer"
2014,400,"Demenz",5,"85 und älter",75,"Männer"
2014,200,"Krebskrankheiten",2,"15 – 44",12,"Männer"
2014,200,"Krebskrankheiten",3,"45 – 64",72,"Männer"
2014,200,"Krebskrankheiten",4,"65 – 84",230,"Männer"
2014,200,"Krebskrankheiten",5,"85 und älter",98,"Männer"
2014,500,"Kreislaufsystem",2,"15 – 44",6,"Männer"
2014,500,"Kreislaufsystem",3,"45 – 64",49,"Männer"
2014,500,"Kreislaufsystem",4,"65 – 84",177,"Männer"
2014,500,"Kreislaufsystem",5,"85 und älter",174,"Männer"
2014,1100,"Unfälle und Gewalteinwirkungen",2,"15 – 44",23,"Männer"
2014,1100,"Unfälle und Gewalteinwirkungen",3,"45 – 64",30,"Männer"
2014,1100,"Unfälle und Gewalteinwirkungen",4,"65 – 84",27,"Männer"
2014,1100,"Unfälle und Gewalteinwirkungen",5,"85 und älter",24,"Männer"
2015,1200,"Alle übrigen Todesursachen",2,"15 – 44",5,"Frauen"
2015,1200,"Alle übrigen Todesursachen",3,"45 – 64",37,"Frauen"
2015,1200,"Alle übrigen Todesursachen",4,"65 – 84",142,"Frauen"
2015,1200,"Alle übrigen Todesursachen",5,"85 und älter",209,"Frauen"
2015,600,"Atmungsorgane",3,"45 – 64",5,"Frauen"
2015,600,"Atmungsorgane",4,"65 – 84",49,"Frauen"
2015,600,"Atmungsorgane",5,"85 und älter",61,"Frauen"
2015,400,"Demenz",4,"65 – 84",56,"Frauen"
2015,400,"Demenz",5,"85 und älter",231,"Frauen"
2015,200,"Krebskrankheiten",1,"0 – 14",1,"Frauen"
2015,200,"Krebskrankheiten",2,"15 – 44",11,"Frauen"
2015,200,"Krebskrankheiten",3,"45 – 64",65,"Frauen"
2015,200,"Krebskrankheiten",4,"65 – 84",208,"Frauen"
2015,200,"Krebskrankheiten",5,"85 und älter",107,"Frauen"
2015,500,"Kreislaufsystem",2,"15 – 44",1,"Frauen"
2015,500,"Kreislaufsystem",3,"45 – 64",22,"Frauen"
2015,500,"Kreislaufsystem",4,"65 – 84",129,"Frauen"
2015,500,"Kreislaufsystem",5,"85 und älter",451,"Frauen"
2015,1100,"Unfälle und Gewalteinwirkungen",2,"15 – 44",16,"Frauen"
2015,1100,"Unfälle und Gewalteinwirkungen",3,"45 – 64",9,"Frauen"
2015,1100,"Unfälle und Gewalteinwirkungen",4,"65 – 84",13,"Frauen"
2015,1100,"Unfälle und Gewalteinwirkungen",5,"85 und älter",49,"Frauen"
2015,1200,"Alle übrigen Todesursachen",1,"0 – 14",6,"Männer"
2015,1200,"Alle übrigen Todesursachen",2,"15 – 44",20,"Männer"
2015,1200,"Alle übrigen Todesursachen",3,"45 – 64",66,"Männer"
2015,1200,"Alle übrigen Todesursachen",4,"65 – 84",148,"Männer"
2015,1200,"Alle übrigen Todesursachen",5,"85 und älter",115,"Männer"
2015,600,"Atmungsorgane",3,"45 – 64",9,"Männer"
2015,600,"Atmungsorgane",4,"65 – 84",50,"Männer"
2015,600,"Atmungsorgane",5,"85 und älter",35,"Männer"
2015,400,"Demenz",4,"65 – 84",35,"Männer"
2015,400,"Demenz",5,"85 und älter",71,"Männer"
2015,200,"Krebskrankheiten",2,"15 – 44",7,"Männer"
2015,200,"Krebskrankheiten",3,"45 – 64",63,"Männer"
2015,200,"Krebskrankheiten",4,"65 – 84",227,"Männer"
2015,200,"Krebskrankheiten",5,"85 und älter",102,"Männer"
2015,500,"Kreislaufsystem",2,"15 – 44",5,"Männer"
2015,500,"Kreislaufsystem",3,"45 – 64",39,"Männer"
2015,500,"Kreislaufsystem",4,"65 – 84",197,"Männer"
2015,500,"Kreislaufsystem",5,"85 und älter",214,"Männer"
2015,1100,"Unfälle und Gewalteinwirkungen",1,"0 – 14",2,"Männer"
2015,1100,"Unfälle und Gewalteinwirkungen",2,"15 – 44",29,"Männer"
2015,1100,"Unfälle und Gewalteinwirkungen",3,"45 – 64",27,"Männer"
2015,1100,"Unfälle und Gewalteinwirkungen",4,"65 – 84",35,"Männer"
2015,1100,"Unfälle und Gewalteinwirkungen",5,"85 und älter",21,"Männer"
2016,1200,"Alle übrigen Todesursachen",1,"0 – 14",1,"Frauen"
2016,1200,"Alle übrigen Todesursachen",2,"15 – 44",10,"Frauen"
2016,1200,"Alle übrigen Todesursachen",3,"45 – 64",27,"Frauen"
2016,1200,"Alle übrigen Todesursachen",4,"65 – 84",127,"Frauen"
2016,1200,"Alle übrigen Todesursachen",5,"85 und älter",182,"Frauen"
2016,600,"Atmungsorgane",3,"45 – 64",4,"Frauen"
2016,600,"Atmungsorgane",4,"65 – 84",33,"Frauen"
2016,600,"Atmungsorgane",5,"85 und älter",41,"Frauen"
2016,400,"Demenz",4,"65 – 84",58,"Frauen"
2016,400,"Demenz",5,"85 und älter",212,"Frauen"
2016,200,"Krebskrankheiten",2,"15 – 44",15,"Frauen"
2016,200,"Krebskrankheiten",3,"45 – 64",66,"Frauen"
2016,200,"Krebskrankheiten",4,"65 – 84",210,"Frauen"
2016,200,"Krebskrankheiten",5,"85 und älter",108,"Frauen"
2016,500,"Kreislaufsystem",3,"45 – 64",9,"Frauen"
2016,500,"Kreislaufsystem",4,"65 – 84",142,"Frauen"
2016,500,"Kreislaufsystem",5,"85 und älter",399,"Frauen"
2016,1100,"Unfälle und Gewalteinwirkungen",2,"15 – 44",5,"Frauen"
2016,1100,"Unfälle und Gewalteinwirkungen",3,"45 – 64",16,"Frauen"
2016,1100,"Unfälle und Gewalteinwirkungen",4,"65 – 84",18,"Frauen"
2016,1100,"Unfälle und Gewalteinwirkungen",5,"85 und älter",46,"Frauen"
2016,1200,"Alle übrigen Todesursachen",1,"0 – 14",4,"Männer"
2016,1200,"Alle übrigen Todesursachen",2,"15 – 44",18,"Männer"
2016,1200,"Alle übrigen Todesursachen",3,"45 – 64",69,"Männer"
2016,1200,"Alle übrigen Todesursachen",4,"65 – 84",129,"Männer"
2016,1200,"Alle übrigen Todesursachen",5,"85 und älter",115,"Männer"
2016,600,"Atmungsorgane",3,"45 – 64",9,"Männer"
2016,600,"Atmungsorgane",4,"65 – 84",31,"Männer"
2016,600,"Atmungsorgane",5,"85 und älter",34,"Männer"
2016,400,"Demenz",4,"65 – 84",29,"Männer"
2016,400,"Demenz",5,"85 und älter",68,"Männer"
2016,200,"Krebskrankheiten",1,"0 – 14",1,"Männer"
2016,200,"Krebskrankheiten",2,"15 – 44",12,"Männer"
2016,200,"Krebskrankheiten",3,"45 – 64",70,"Männer"
2016,200,"Krebskrankheiten",4,"65 – 84",213,"Männer"
2016,200,"Krebskrankheiten",5,"85 und älter",98,"Männer"
2016,500,"Kreislaufsystem",2,"15 – 44",2,"Männer"
2016,500,"Kreislaufsystem",3,"45 – 64",45,"Männer"
2016,500,"Kreislaufsystem",4,"65 – 84",172,"Männer"
2016,500,"Kreislaufsystem",5,"85 und älter",210,"Männer"
2016,1100,"Unfälle und Gewalteinwirkungen",2,"15 – 44",33,"Männer"
2016,1100,"Unfälle und Gewalteinwirkungen",3,"45 – 64",24,"Männer"
2016,1100,"Unfälle und Gewalteinwirkungen",4,"65 – 84",41,"Männer"
2016,1100,"Unfälle und Gewalteinwirkungen",5,"85 und älter",22,"Männer"
2017,1200,"Alle übrigen Todesursachen",1,"0 – 14",3,"Frauen"
2017,1200,"Alle übrigen Todesursachen",2,"15 – 44",3,"Frauen"
2017,1200,"Alle übrigen Todesursachen",3,"45 – 64",24,"Frauen"
2017,1200,"Alle übrigen Todesursachen",4,"65 – 84",129,"Frauen"
2017,1200,"Alle übrigen Todesursachen",5,"85 und älter",196,"Frauen"
2017,600,"Atmungsorgane",2,"15 – 44",2,"Frauen"
2017,600,"Atmungsorgane",3,"45 – 64",8,"Frauen"
2017,600,"Atmungsorgane",4,"65 – 84",45,"Frauen"
2017,600,"Atmungsorgane",5,"85 und älter",59,"Frauen"
2017,400,"Demenz",3,"45 – 64",1,"Frauen"
2017,400,"Demenz",4,"65 – 84",53,"Frauen"
2017,400,"Demenz",5,"85 und älter",218,"Frauen"
2017,200,"Krebskrankheiten",2,"15 – 44",8,"Frauen"
2017,200,"Krebskrankheiten",3,"45 – 64",52,"Frauen"
2017,200,"Krebskrankheiten",4,"65 – 84",177,"Frauen"
2017,200,"Krebskrankheiten",5,"85 und älter",123,"Frauen"
2017,500,"Kreislaufsystem",2,"15 – 44",2,"Frauen"
2017,500,"Kreislaufsystem",3,"45 – 64",10,"Frauen"
2017,500,"Kreislaufsystem",4,"65 – 84",150,"Frauen"
2017,500,"Kreislaufsystem",5,"85 und älter",409,"Frauen"
2017,1100,"Unfälle und Gewalteinwirkungen",2,"15 – 44",11,"Frauen"
2017,1100,"Unfälle und Gewalteinwirkungen",3,"45 – 64",5,"Frauen"
2017,1100,"Unfälle und Gewalteinwirkungen",4,"65 – 84",22,"Frauen"
2017,1100,"Unfälle und Gewalteinwirkungen",5,"85 und älter",59,"Frauen"
2017,1200,"Alle übrigen Todesursachen",1,"0 – 14",6,"Männer"
2017,1200,"Alle übrigen Todesursachen",2,"15 – 44",15,"Männer"
2017,1200,"Alle übrigen Todesursachen",3,"45 – 64",82,"Männer"
2017,1200,"Alle übrigen Todesursachen",4,"65 – 84",130,"Männer"
2017,1200,"Alle übrigen Todesursachen",5,"85 und älter",112,"Männer"
2017,600,"Atmungsorgane",2,"15 – 44",1,"Männer"
2017,600,"Atmungsorgane",3,"45 – 64",9,"Männer"
2017,600,"Atmungsorgane",4,"65 – 84",38,"Männer"
2017,600,"Atmungsorgane",5,"85 und älter",45,"Männer"
2017,400,"Demenz",4,"65 – 84",32,"Männer"
2017,400,"Demenz",5,"85 und älter",64,"Männer"
2017,200,"Krebskrankheiten",2,"15 – 44",8,"Männer"
2017,200,"Krebskrankheiten",3,"45 – 64",75,"Männer"
2017,200,"Krebskrankheiten",4,"65 – 84",228,"Männer"
2017,200,"Krebskrankheiten",5,"85 und älter",96,"Männer"
2017,500,"Kreislaufsystem",2,"15 – 44",4,"Männer"
2017,500,"Kreislaufsystem",3,"45 – 64",35,"Männer"
2017,500,"Kreislaufsystem",4,"65 – 84",169,"Männer"
2017,500,"Kreislaufsystem",5,"85 und älter",233,"Männer"
2017,1100,"Unfälle und Gewalteinwirkungen",2,"15 – 44",26,"Männer"
2017,1100,"Unfälle und Gewalteinwirkungen",3,"45 – 64",28,"Männer"
2017,1100,"Unfälle und Gewalteinwirkungen",4,"65 – 84",34,"Männer"
2017,1100,"Unfälle und Gewalteinwirkungen",5,"85 und älter",40,"Männer"
